UserID,Name,Job Role,Pay Scale,Total Bonus,Total Incentives,encrypted_UserID,encrypted_Pay Scale,encrypted_Total Bonus,encrypted_Total Incentives,Pay Scale_attacked,Total Bonus_attacked,Total Incentives_attacked,UserID_attacked
TCS01,Emma,AI Researcher,166776,11299,1996.21,<tenseal.tensors.ckksvector.CKKSVector object at 0x7ac5bc497fd0>,<tenseal.tensors.ckksvector.CKKSVector object at 0x7ac5bc497130>,<tenseal.tensors.ckksvector.CKKSVector object at 0x7ac5bc4942e0>,<tenseal.tensors.ckksvector.CKKSVector object at 0x7ac5bc495570>,250164.0338,16948.50226,2994.315399,TeSH1
TCS02,Diya,HR Manager,56794,1817,751.59,<tenseal.tensors.ckksvector.CKKSVector object at 0x7ac5bc4966b0>,<tenseal.tensors.ckksvector.CKKSVector object at 0x7ac5bc497130>,<tenseal.tensors.ckksvector.CKKSVector object at 0x7ac5bc4942e0>,<tenseal.tensors.ckksvector.CKKSVector object at 0x7ac5bc495570>,85191.01133,2725.500366,1127.38515,TeSH2
TCS03,Ishaan,Cloud Architect,100345,67852,63975.59,<tenseal.tensors.ckksvector.CKKSVector object at 0x7ac5bc494160>,<tenseal.tensors.ckksvector.CKKSVector object at 0x7ac5bc497130>,<tenseal.tensors.ckksvector.CKKSVector object at 0x7ac5bc4942e0>,<tenseal.tensors.ckksvector.CKKSVector object at 0x7ac5bc495570>,150517.5202,101778.0137,95963.39785,TeSH3
TCS04,Anaya,Financial Analyst,93240,10835,0,<tenseal.tensors.ckksvector.CKKSVector object at 0x7ac5bc4959f0>,<tenseal.tensors.ckksvector.CKKSVector object at 0x7ac5bc497130>,<tenseal.tensors.ckksvector.CKKSVector object at 0x7ac5bc4942e0>,<tenseal.tensors.ckksvector.CKKSVector object at 0x7ac5bc495570>,139860.0186,16252.50219,3.99E-09,TeSH4
TCS05,Riya,Product Manager,84136,443,0,<tenseal.tensors.ckksvector.CKKSVector object at 0x7ac5bc4948e0>,<tenseal.tensors.ckksvector.CKKSVector object at 0x7ac5bc497130>,<tenseal.tensors.ckksvector.CKKSVector object at 0x7ac5bc4942e0>,<tenseal.tensors.ckksvector.CKKSVector object at 0x7ac5bc495570>,126204.017,664.500089,-1.26E-09,TeSH5
TCS06,Vivaan,Product Manager,129592,116494,107015.61,<tenseal.tensors.ckksvector.CKKSVector object at 0x7ac5bc496290>,<tenseal.tensors.ckksvector.CKKSVector object at 0x7ac5bc497130>,<tenseal.tensors.ckksvector.CKKSVector object at 0x7ac5bc4942e0>,<tenseal.tensors.ckksvector.CKKSVector object at 0x7ac5bc495570>,194388.0256,174741.0231,160523.4366,TeSH6
TCS07,Riya,Financial Analyst,100431,10968,2958.91,<tenseal.tensors.ckksvector.CKKSVector object at 0x7ac5bc4945e0>,<tenseal.tensors.ckksvector.CKKSVector object at 0x7ac5bc497130>,<tenseal.tensors.ckksvector.CKKSVector object at 0x7ac5bc4942e0>,<tenseal.tensors.ckksvector.CKKSVector object at 0x7ac5bc495570>,150646.5201,16452.00221,4438.365601,TeSH7
TCS08,Michael,HR Manager,92135,2958.91,0,<tenseal.tensors.ckksvector.CKKSVector object at 0x7ac5bc4975e0>,<tenseal.tensors.ckksvector.CKKSVector object at 0x7ac5bc497130>,<tenseal.tensors.ckksvector.CKKSVector object at 0x7ac5bc4942e0>,<tenseal.tensors.ckksvector.CKKSVector object at 0x7ac5bc495570>,138202.5188,4438.3656,-5.30E-09,TeSH8
TCS09,Liam,Web Developer,114161,0,0,<tenseal.tensors.ckksvector.CKKSVector object at 0x7ac5bc494e20>,<tenseal.tensors.ckksvector.CKKSVector object at 0x7ac5bc497130>,<tenseal.tensors.ckksvector.CKKSVector object at 0x7ac5bc4942e0>,<tenseal.tensors.ckksvector.CKKSVector object at 0x7ac5bc495570>,171241.5229,-4.73E-09,1.17E-09,TeSH9
TCS10,Emma,Cloud Architect,154806,0,0,<tenseal.tensors.ckksvector.CKKSVector object at 0x7ac5bc494640>,<tenseal.tensors.ckksvector.CKKSVector object at 0x7ac5bc497130>,<tenseal.tensors.ckksvector.CKKSVector object at 0x7ac5bc4942e0>,<tenseal.tensors.ckksvector.CKKSVector object at 0x7ac5bc495570>,232209.031,5.29E-10,1.71E-09,TeSJ0
TCS11,Sophia,AI Researcher,156980,0,0,<tenseal.tensors.ckksvector.CKKSVector object at 0x7ac5bc4943a0>,<tenseal.tensors.ckksvector.CKKSVector object at 0x7ac5bc497130>,<tenseal.tensors.ckksvector.CKKSVector object at 0x7ac5bc4942e0>,<tenseal.tensors.ckksvector.CKKSVector object at 0x7ac5bc495570>,235470.0314,8.45E-10,-5.79E-11,TeSJ1
TCS12,Sanya,Financial Analyst,109961,0,0,<tenseal.tensors.ckksvector.CKKSVector object at 0x7ac5bc496fb0>,<tenseal.tensors.ckksvector.CKKSVector object at 0x7ac5bc497130>,<tenseal.tensors.ckksvector.CKKSVector object at 0x7ac5bc4942e0>,<tenseal.tensors.ckksvector.CKKSVector object at 0x7ac5bc495570>,164941.5221,9.67E-10,1.10E-09,TeSJ2
TCS13,Olivia,UX Designer,135807,0,0,<tenseal.tensors.ckksvector.CKKSVector object at 0x7ac5bc4964d0>,<tenseal.tensors.ckksvector.CKKSVector object at 0x7ac5bc497130>,<tenseal.tensors.ckksvector.CKKSVector object at 0x7ac5bc4942e0>,<tenseal.tensors.ckksvector.CKKSVector object at 0x7ac5bc495570>,203710.5269,-6.49E-09,-5.08E-11,TeSJ3
TCS14,Michael,UX Designer,85678,0,0,<tenseal.tensors.ckksvector.CKKSVector object at 0x7ac5bc494a00>,<tenseal.tensors.ckksvector.CKKSVector object at 0x7ac5bc497130>,<tenseal.tensors.ckksvector.CKKSVector object at 0x7ac5bc4942e0>,<tenseal.tensors.ckksvector.CKKSVector object at 0x7ac5bc495570>,128517.0171,-3.30E-09,-2.45E-09,TeSJ4
TCS15,Anaya,Marketing Specialist,55326,0,0,<tenseal.tensors.ckksvector.CKKSVector object at 0x7ac5bc495e10>,<tenseal.tensors.ckksvector.CKKSVector object at 0x7ac5bc497130>,<tenseal.tensors.ckksvector.CKKSVector object at 0x7ac5bc4942e0>,<tenseal.tensors.ckksvector.CKKSVector object at 0x7ac5bc495570>,82989.01103,-4.42E-09,2.20E-09,TeSJ5
TCS16,Aarav,Financial Analyst,60582,253,0,<tenseal.tensors.ckksvector.CKKSVector object at 0x7ac5bc494e50>,<tenseal.tensors.ckksvector.CKKSVector object at 0x7ac5bc497130>,<tenseal.tensors.ckksvector.CKKSVector object at 0x7ac5bc4942e0>,<tenseal.tensors.ckksvector.CKKSVector object at 0x7ac5bc495570>,90873.01221,379.500051,-1.32E-09,TeSJ6
TCS17,Liam,Web Developer,84971,300481,297689.58,<tenseal.tensors.ckksvector.CKKSVector object at 0x7ac5bc495e40>,<tenseal.tensors.ckksvector.CKKSVector object at 0x7ac5bc497130>,<tenseal.tensors.ckksvector.CKKSVector object at 0x7ac5bc4942e0>,<tenseal.tensors.ckksvector.CKKSVector object at 0x7ac5bc495570>,127456.5172,450721.5593,446534.4296,TeSJ7
TCS18,Riya,Marketing Specialist,66837,297689.58,290276.03,<tenseal.tensors.ckksvector.CKKSVector object at 0x7ac5bc495870>,<tenseal.tensors.ckksvector.CKKSVector object at 0x7ac5bc497130>,<tenseal.tensors.ckksvector.CKKSVector object at 0x7ac5bc4942e0>,<tenseal.tensors.ckksvector.CKKSVector object at 0x7ac5bc495570>,100255.5134,446534.4298,435414.1035,TeSJ8
TCS19,Emma,AI Researcher,90195,233633,230337.81,<tenseal.tensors.ckksvector.CKKSVector object at 0x7ac5bc4941f0>,<tenseal.tensors.ckksvector.CKKSVector object at 0x7ac5bc497130>,<tenseal.tensors.ckksvector.CKKSVector object at 0x7ac5bc4942e0>,<tenseal.tensors.ckksvector.CKKSVector object at 0x7ac5bc495570>,135292.5181,350449.5471,345506.7614,TeSJ9
TCS20,Aarav,HR Manager,63774,297,0,<tenseal.tensors.ckksvector.CKKSVector object at 0x7ac5bc495cf0>,<tenseal.tensors.ckksvector.CKKSVector object at 0x7ac5bc497130>,<tenseal.tensors.ckksvector.CKKSVector object at 0x7ac5bc4942e0>,<tenseal.tensors.ckksvector.CKKSVector object at 0x7ac5bc495570>,95661.01283,445.50006,5.61E-10,TeSK0
TCS21,Vivaan,Cloud Architect,157577,32604,26845.41,<tenseal.tensors.ckksvector.CKKSVector object at 0x7ac5bc494bb0>,<tenseal.tensors.ckksvector.CKKSVector object at 0x7ac5bc497130>,<tenseal.tensors.ckksvector.CKKSVector object at 0x7ac5bc4942e0>,<tenseal.tensors.ckksvector.CKKSVector object at 0x7ac5bc495570>,236365.5316,48906.00662,40268.12043,TeSK1
TCS22,Kabir,Marketing Specialist,86329,26845.41,0,<tenseal.tensors.ckksvector.CKKSVector object at 0x7ac5bc495a80>,<tenseal.tensors.ckksvector.CKKSVector object at 0x7ac5bc497130>,<tenseal.tensors.ckksvector.CKKSVector object at 0x7ac5bc4942e0>,<tenseal.tensors.ckksvector.CKKSVector object at 0x7ac5bc495570>,129493.5175,40268.12038,9.61E-10,TeSK2
TCS23,Aarav,Software Engineer,83732,998,0,<tenseal.tensors.ckksvector.CKKSVector object at 0x7ac5bc4965c0>,<tenseal.tensors.ckksvector.CKKSVector object at 0x7ac5bc497130>,<tenseal.tensors.ckksvector.CKKSVector object at 0x7ac5bc4942e0>,<tenseal.tensors.ckksvector.CKKSVector object at 0x7ac5bc495570>,125598.0168,1497.000201,2.10E-09,TeSK3
TCS24,Emma,UX Designer,137759,0,0,<tenseal.tensors.ckksvector.CKKSVector object at 0x7ac5bc495510>,<tenseal.tensors.ckksvector.CKKSVector object at 0x7ac5bc497130>,<tenseal.tensors.ckksvector.CKKSVector object at 0x7ac5bc4942e0>,<tenseal.tensors.ckksvector.CKKSVector object at 0x7ac5bc495570>,206638.5277,4.20E-10,-1.38E-09,TeSK4
TCS25,William,Software Engineer,108476,152019,146737.52,<tenseal.tensors.ckksvector.CKKSVector object at 0x7ac5bc497280>,<tenseal.tensors.ckksvector.CKKSVector object at 0x7ac5bc497130>,<tenseal.tensors.ckksvector.CKKSVector object at 0x7ac5bc4942e0>,<tenseal.tensors.ckksvector.CKKSVector object at 0x7ac5bc495570>,162714.0216,228028.5308,220106.3094,TeSK5
TCS26,Isabella,UX Designer,81851,15818,1942.02,<tenseal.tensors.ckksvector.CKKSVector object at 0x7ac5bc4979a0>,<tenseal.tensors.ckksvector.CKKSVector object at 0x7ac5bc497130>,<tenseal.tensors.ckksvector.CKKSVector object at 0x7ac5bc4942e0>,<tenseal.tensors.ckksvector.CKKSVector object at 0x7ac5bc495570>,122776.5164,23727.00318,2913.030391,TeSK6
TCS27,Ishaan,Data Scientist,94484,1942.02,0,<tenseal.tensors.ckksvector.CKKSVector object at 0x7ac5bc496dd0>,<tenseal.tensors.ckksvector.CKKSVector object at 0x7ac5bc497130>,<tenseal.tensors.ckksvector.CKKSVector object at 0x7ac5bc4942e0>,<tenseal.tensors.ckksvector.CKKSVector object at 0x7ac5bc495570>,141726.0188,2913.030392,-3.26E-09,TeSK7
TCS28,Sanya,Cloud Architect,136075,0,0,<tenseal.tensors.ckksvector.CKKSVector object at 0x7ac5bc495d20>,<tenseal.tensors.ckksvector.CKKSVector object at 0x7ac5bc497130>,<tenseal.tensors.ckksvector.CKKSVector object at 0x7ac5bc4942e0>,<tenseal.tensors.ckksvector.CKKSVector object at 0x7ac5bc495570>,204112.5271,-5.87E-10,2.53E-09,TeSK8
TCS29,Sophia,Data Scientist,128355,586,0,<tenseal.tensors.ckksvector.CKKSVector object at 0x7ac5bc494220>,<tenseal.tensors.ckksvector.CKKSVector object at 0x7ac5bc497130>,<tenseal.tensors.ckksvector.CKKSVector object at 0x7ac5bc4942e0>,<tenseal.tensors.ckksvector.CKKSVector object at 0x7ac5bc495570>,192532.5258,879.0001182,1.17E-10,TeSK9
TCS30,Riya,UX Designer,90686,23053,20411.53,<tenseal.tensors.ckksvector.CKKSVector object at 0x7ac5bc497e20>,<tenseal.tensors.ckksvector.CKKSVector object at 0x7ac5bc497130>,<tenseal.tensors.ckksvector.CKKSVector object at 0x7ac5bc4942e0>,<tenseal.tensors.ckksvector.CKKSVector object at 0x7ac5bc495570>,136029.0182,34579.50462,30617.29912,TeSM0
TCS31,Anaya,Product Manager,122303,20411.53,0,<tenseal.tensors.ckksvector.CKKSVector object at 0x7ac5bc4953f0>,<tenseal.tensors.ckksvector.CKKSVector object at 0x7ac5bc497130>,<tenseal.tensors.ckksvector.CKKSVector object at 0x7ac5bc4942e0>,<tenseal.tensors.ckksvector.CKKSVector object at 0x7ac5bc495570>,183454.5245,30617.29913,6.27E-10,TeSM1
TCS32,Ishaan,Data Scientist,103074,203543,201212.36,<tenseal.tensors.ckksvector.CKKSVector object at 0x7ac5bc494dc0>,<tenseal.tensors.ckksvector.CKKSVector object at 0x7ac5bc497130>,<tenseal.tensors.ckksvector.CKKSVector object at 0x7ac5bc4942e0>,<tenseal.tensors.ckksvector.CKKSVector object at 0x7ac5bc495570>,154611.0207,305314.5411,301818.5807,TeSM2
TCS33,Ethan,Data Scientist,106345,41276,39661.36,<tenseal.tensors.ckksvector.CKKSVector object at 0x7ac5bc497eb0>,<tenseal.tensors.ckksvector.CKKSVector object at 0x7ac5bc497130>,<tenseal.tensors.ckksvector.CKKSVector object at 0x7ac5bc4942e0>,<tenseal.tensors.ckksvector.CKKSVector object at 0x7ac5bc495570>,159517.5214,61914.0083,59492.04799,TeSM3
TCS34,Ava,Web Developer,59704,47235.77,38071.06,<tenseal.tensors.ckksvector.CKKSVector object at 0x7ac5bc496110>,<tenseal.tensors.ckksvector.CKKSVector object at 0x7ac5bc497130>,<tenseal.tensors.ckksvector.CKKSVector object at 0x7ac5bc4942e0>,<tenseal.tensors.ckksvector.CKKSVector object at 0x7ac5bc495570>,89556.01215,70853.66447,57106.5977,TeSM4
TCS35,Liam,Financial Analyst,126116,38071.06,35100.09,<tenseal.tensors.ckksvector.CKKSVector object at 0x7ac5bc494a90>,<tenseal.tensors.ckksvector.CKKSVector object at 0x7ac5bc497130>,<tenseal.tensors.ckksvector.CKKSVector object at 0x7ac5bc4942e0>,<tenseal.tensors.ckksvector.CKKSVector object at 0x7ac5bc495570>,189174.025,57106.59777,52650.14201,TeSM5
TCS36,Anaya,Product Manager,107560,16174,16135.34,<tenseal.tensors.ckksvector.CKKSVector object at 0x7ac5bc4948b0>,<tenseal.tensors.ckksvector.CKKSVector object at 0x7ac5bc497130>,<tenseal.tensors.ckksvector.CKKSVector object at 0x7ac5bc4942e0>,<tenseal.tensors.ckksvector.CKKSVector object at 0x7ac5bc495570>,161340.0217,24261.00325,24203.01326,TeSM6
TCS37,James,Data Scientist,124550,1627,0,<tenseal.tensors.ckksvector.CKKSVector object at 0x7ac5bc4970d0>,<tenseal.tensors.ckksvector.CKKSVector object at 0x7ac5bc497130>,<tenseal.tensors.ckksvector.CKKSVector object at 0x7ac5bc4942e0>,<tenseal.tensors.ckksvector.CKKSVector object at 0x7ac5bc495570>,186825.0254,2440.500328,-1.60E-09,TeSM7
TCS38,Olivia,AI Researcher,161872,79114,16503.2,<tenseal.tensors.ckksvector.CKKSVector object at 0x7ac5bc497b20>,<tenseal.tensors.ckksvector.CKKSVector object at 0x7ac5bc497130>,<tenseal.tensors.ckksvector.CKKSVector object at 0x7ac5bc4942e0>,<tenseal.tensors.ckksvector.CKKSVector object at 0x7ac5bc495570>,242808.0331,118671.0159,24754.80331,TeSM8
TCS39,Emma,Product Manager,163831,8547,3017.87,<tenseal.tensors.ckksvector.CKKSVector object at 0x7ac5bc495c60>,<tenseal.tensors.ckksvector.CKKSVector object at 0x7ac5bc497130>,<tenseal.tensors.ckksvector.CKKSVector object at 0x7ac5bc4942e0>,<tenseal.tensors.ckksvector.CKKSVector object at 0x7ac5bc495570>,245746.5334,12820.50171,4526.805604,TeSM9
TCS40,Anaya,HR Manager,80375,3017.87,0,<tenseal.tensors.ckksvector.CKKSVector object at 0x7ac5bc497430>,<tenseal.tensors.ckksvector.CKKSVector object at 0x7ac5bc497130>,<tenseal.tensors.ckksvector.CKKSVector object at 0x7ac5bc4942e0>,<tenseal.tensors.ckksvector.CKKSVector object at 0x7ac5bc495570>,120562.5161,4526.805597,6.55E-09,TeSN0
TCS41,Anaya,AI Researcher,102437,10256,5745.78,<tenseal.tensors.ckksvector.CKKSVector object at 0x7ac5bc495360>,<tenseal.tensors.ckksvector.CKKSVector object at 0x7ac5bc497130>,<tenseal.tensors.ckksvector.CKKSVector object at 0x7ac5bc4942e0>,<tenseal.tensors.ckksvector.CKKSVector object at 0x7ac5bc495570>,153655.5206,15384.00206,8618.671155,TeSN1
TCS42,Michael,Cloud Architect,175425,882770,874042.26,<tenseal.tensors.ckksvector.CKKSVector object at 0x7ac5bc497b80>,<tenseal.tensors.ckksvector.CKKSVector object at 0x7ac5bc497130>,<tenseal.tensors.ckksvector.CKKSVector object at 0x7ac5bc4942e0>,<tenseal.tensors.ckksvector.CKKSVector object at 0x7ac5bc495570>,263137.5352,1324155.177,1311063.566,TeSN2
TCS43,Vivaan,Web Developer,104728,874042.26,871442.79,<tenseal.tensors.ckksvector.CKKSVector object at 0x7ac5bc497d30>,<tenseal.tensors.ckksvector.CKKSVector object at 0x7ac5bc497130>,<tenseal.tensors.ckksvector.CKKSVector object at 0x7ac5bc4942e0>,<tenseal.tensors.ckksvector.CKKSVector object at 0x7ac5bc495570>,157092.0211,1311063.565,1307164.361,TeSN3
TCS44,Emma,Marketing Specialist,91605,153,0,<tenseal.tensors.ckksvector.CKKSVector object at 0x7ac5bc496ec0>,<tenseal.tensors.ckksvector.CKKSVector object at 0x7ac5bc497130>,<tenseal.tensors.ckksvector.CKKSVector object at 0x7ac5bc4942e0>,<tenseal.tensors.ckksvector.CKKSVector object at 0x7ac5bc495570>,137407.5182,229.500031,-5.54E-10,TeSN4
TCS45,Ava,Marketing Specialist,70995,2192,0,<tenseal.tensors.ckksvector.CKKSVector object at 0x7ac5bc4965f0>,<tenseal.tensors.ckksvector.CKKSVector object at 0x7ac5bc497130>,<tenseal.tensors.ckksvector.CKKSVector object at 0x7ac5bc4942e0>,<tenseal.tensors.ckksvector.CKKSVector object at 0x7ac5bc495570>,106492.5143,3288.000441,-2.83E-10,TeSN5
TCS46,Sanya,Web Developer,65343,41551,36640.86,<tenseal.tensors.ckksvector.CKKSVector object at 0x7ac5bc497f70>,<tenseal.tensors.ckksvector.CKKSVector object at 0x7ac5bc497130>,<tenseal.tensors.ckksvector.CKKSVector object at 0x7ac5bc4942e0>,<tenseal.tensors.ckksvector.CKKSVector object at 0x7ac5bc495570>,98014.51319,62326.50834,54961.29742,TeSN6
TCS47,Olivia,Software Engineer,52373,12019,5574.36,<tenseal.tensors.ckksvector.CKKSVector object at 0x7ac5bc4972e0>,<tenseal.tensors.ckksvector.CKKSVector object at 0x7ac5bc497130>,<tenseal.tensors.ckksvector.CKKSVector object at 0x7ac5bc4942e0>,<tenseal.tensors.ckksvector.CKKSVector object at 0x7ac5bc495570>,78559.51048,18028.50241,8361.541124,TeSN7
TCS48,Sanya,Data Scientist,149493,4782,0,<tenseal.tensors.ckksvector.CKKSVector object at 0x7ac5bc494190>,<tenseal.tensors.ckksvector.CKKSVector object at 0x7ac5bc497130>,<tenseal.tensors.ckksvector.CKKSVector object at 0x7ac5bc4942e0>,<tenseal.tensors.ckksvector.CKKSVector object at 0x7ac5bc495570>,224239.53,7173.000963,8.51E-10,TeSN8
TCS49,Kabir,Financial Analyst,127357,216827,209534.84,<tenseal.tensors.ckksvector.CKKSVector object at 0x7ac5bc494250>,<tenseal.tensors.ckksvector.CKKSVector object at 0x7ac5bc497130>,<tenseal.tensors.ckksvector.CKKSVector object at 0x7ac5bc4942e0>,<tenseal.tensors.ckksvector.CKKSVector object at 0x7ac5bc495570>,191035.5256,325240.5437,314302.3022,TeSN9
TCS50,Anaya,Financial Analyst,91385,209534.84,162075.98,<tenseal.tensors.ckksvector.CKKSVector object at 0x7ac5bc4967a0>,<tenseal.tensors.ckksvector.CKKSVector object at 0x7ac5bc497130>,<tenseal.tensors.ckksvector.CKKSVector object at 0x7ac5bc4942e0>,<tenseal.tensors.ckksvector.CKKSVector object at 0x7ac5bc495570>,137077.5184,314302.3018,243114.0025,TeSP0
TCS51,Aditi,Financial Analyst,76289,162075.98,25203.05,<tenseal.tensors.ckksvector.CKKSVector object at 0x7ac5bc496b00>,<tenseal.tensors.ckksvector.CKKSVector object at 0x7ac5bc497130>,<tenseal.tensors.ckksvector.CKKSVector object at 0x7ac5bc4942e0>,<tenseal.tensors.ckksvector.CKKSVector object at 0x7ac5bc495570>,114433.5153,243114.0025,37804.58008,TeSP1
TCS52,Isabella,Marketing Specialist,51302,25203.05,0,<tenseal.tensors.ckksvector.CKKSVector object at 0x7ac5bc496a70>,<tenseal.tensors.ckksvector.CKKSVector object at 0x7ac5bc497130>,<tenseal.tensors.ckksvector.CKKSVector object at 0x7ac5bc4942e0>,<tenseal.tensors.ckksvector.CKKSVector object at 0x7ac5bc495570>,76953.0104,37804.58013,5.93E-10,TeSP2
TCS53,Vivaan,Financial Analyst,98774,12030,9031.96,<tenseal.tensors.ckksvector.CKKSVector object at 0x7ac5bc494f10>,<tenseal.tensors.ckksvector.CKKSVector object at 0x7ac5bc497130>,<tenseal.tensors.ckksvector.CKKSVector object at 0x7ac5bc4942e0>,<tenseal.tensors.ckksvector.CKKSVector object at 0x7ac5bc495570>,148161.0198,18045.00242,13547.94182,TeSP3
TCS54,Riya,Data Scientist,92440,9031.96,5577.88,<tenseal.tensors.ckksvector.CKKSVector object at 0x7ac5bc494970>,<tenseal.tensors.ckksvector.CKKSVector object at 0x7ac5bc497130>,<tenseal.tensors.ckksvector.CKKSVector object at 0x7ac5bc4942e0>,<tenseal.tensors.ckksvector.CKKSVector object at 0x7ac5bc495570>,138660.0186,13547.94183,8366.821113,TeSP4
TCS55,Isabella,Product Manager,105150,10999,6682.8,<tenseal.tensors.ckksvector.CKKSVector object at 0x7ac5bc497b50>,<tenseal.tensors.ckksvector.CKKSVector object at 0x7ac5bc497130>,<tenseal.tensors.ckksvector.CKKSVector object at 0x7ac5bc4942e0>,<tenseal.tensors.ckksvector.CKKSVector object at 0x7ac5bc495570>,157725.0212,16498.50223,10024.20134,TeSP5
TCS56,Aarav,HR Manager,93593,224,0,<tenseal.tensors.ckksvector.CKKSVector object at 0x7ac5bc4940d0>,<tenseal.tensors.ckksvector.CKKSVector object at 0x7ac5bc497130>,<tenseal.tensors.ckksvector.CKKSVector object at 0x7ac5bc4942e0>,<tenseal.tensors.ckksvector.CKKSVector object at 0x7ac5bc495570>,140389.5187,336.0000449,2.21E-09,TeSP6
TCS57,Ishaan,Cloud Architect,192778,23350,10363.39,<tenseal.tensors.ckksvector.CKKSVector object at 0x7ac5bc494400>,<tenseal.tensors.ckksvector.CKKSVector object at 0x7ac5bc497130>,<tenseal.tensors.ckksvector.CKKSVector object at 0x7ac5bc4942e0>,<tenseal.tensors.ckksvector.CKKSVector object at 0x7ac5bc495570>,289167.0388,35025.0047,15545.08709,TeSP7
TCS58,Aarav,Software Engineer,76565,10363.39,0,<tenseal.tensors.ckksvector.CKKSVector object at 0x7ac5bc497ee0>,<tenseal.tensors.ckksvector.CKKSVector object at 0x7ac5bc497130>,<tenseal.tensors.ckksvector.CKKSVector object at 0x7ac5bc4942e0>,<tenseal.tensors.ckksvector.CKKSVector object at 0x7ac5bc495570>,114847.5154,15545.08707,1.08E-09,TeSP8
TCS59,Ishaan,Software Engineer,139286,0,0,<tenseal.tensors.ckksvector.CKKSVector object at 0x7ac5bc494670>,<tenseal.tensors.ckksvector.CKKSVector object at 0x7ac5bc497130>,<tenseal.tensors.ckksvector.CKKSVector object at 0x7ac5bc4942e0>,<tenseal.tensors.ckksvector.CKKSVector object at 0x7ac5bc495570>,208929.0278,1.18E-09,6.56E-10,TeSP9
TCS60,Emma,Product Manager,134747,0,0,<tenseal.tensors.ckksvector.CKKSVector object at 0x7ac5bc494460>,<tenseal.tensors.ckksvector.CKKSVector object at 0x7ac5bc497130>,<tenseal.tensors.ckksvector.CKKSVector object at 0x7ac5bc4942e0>,<tenseal.tensors.ckksvector.CKKSVector object at 0x7ac5bc495570>,202120.527,4.51E-09,-9.41E-10,TeSQ0
TCS61,Liam,Software Engineer,98147,0,0,<tenseal.tensors.ckksvector.CKKSVector object at 0x7ac5bc497a60>,<tenseal.tensors.ckksvector.CKKSVector object at 0x7ac5bc497130>,<tenseal.tensors.ckksvector.CKKSVector object at 0x7ac5bc4942e0>,<tenseal.tensors.ckksvector.CKKSVector object at 0x7ac5bc495570>,147220.5199,-2.68E-09,-3.84E-10,TeSQ1
TCS62,Sophia,Product Manager,125401,0,0,<tenseal.tensors.ckksvector.CKKSVector object at 0x7ac5bc497820>,<tenseal.tensors.ckksvector.CKKSVector object at 0x7ac5bc497130>,<tenseal.tensors.ckksvector.CKKSVector object at 0x7ac5bc4942e0>,<tenseal.tensors.ckksvector.CKKSVector object at 0x7ac5bc495570>,188101.5251,-3.89E-10,4.36E-10,TeSQ2
TCS63,Emma,AI Researcher,178662,0,0,<tenseal.tensors.ckksvector.CKKSVector object at 0x7ac5bc497d60>,<tenseal.tensors.ckksvector.CKKSVector object at 0x7ac5bc497130>,<tenseal.tensors.ckksvector.CKKSVector object at 0x7ac5bc4942e0>,<tenseal.tensors.ckksvector.CKKSVector object at 0x7ac5bc495570>,267993.036,9.16E-10,1.87E-09,TeSQ3
TCS64,James,Web Developer,67635,0,0,<tenseal.tensors.ckksvector.CKKSVector object at 0x7ac5bc495120>,<tenseal.tensors.ckksvector.CKKSVector object at 0x7ac5bc497130>,<tenseal.tensors.ckksvector.CKKSVector object at 0x7ac5bc4942e0>,<tenseal.tensors.ckksvector.CKKSVector object at 0x7ac5bc495570>,101452.5136,5.95E-10,-2.75E-09,TeSQ4
TCS65,Olivia,HR Manager,71368,0,0,<tenseal.tensors.ckksvector.CKKSVector object at 0x7ac5bc4963e0>,<tenseal.tensors.ckksvector.CKKSVector object at 0x7ac5bc497130>,<tenseal.tensors.ckksvector.CKKSVector object at 0x7ac5bc4942e0>,<tenseal.tensors.ckksvector.CKKSVector object at 0x7ac5bc495570>,107052.0142,7.51E-10,-1.84E-09,TeSQ5
TCS66,Sophia,HR Manager,80810,0,0,<tenseal.tensors.ckksvector.CKKSVector object at 0x7ac5bc4973a0>,<tenseal.tensors.ckksvector.CKKSVector object at 0x7ac5bc497130>,<tenseal.tensors.ckksvector.CKKSVector object at 0x7ac5bc4942e0>,<tenseal.tensors.ckksvector.CKKSVector object at 0x7ac5bc495570>,121215.0163,2.22E-10,7.42E-10,TeSQ6
TCS67,Michael,Web Developer,104433,0,0,<tenseal.tensors.ckksvector.CKKSVector object at 0x7ac5bc497460>,<tenseal.tensors.ckksvector.CKKSVector object at 0x7ac5bc497130>,<tenseal.tensors.ckksvector.CKKSVector object at 0x7ac5bc4942e0>,<tenseal.tensors.ckksvector.CKKSVector object at 0x7ac5bc495570>,156649.521,-2.33E-10,1.44E-09,TeSQ7
TCS68,Vivaan,Marketing Specialist,102693,0,0,<tenseal.tensors.ckksvector.CKKSVector object at 0x7ac5bc496800>,<tenseal.tensors.ckksvector.CKKSVector object at 0x7ac5bc497130>,<tenseal.tensors.ckksvector.CKKSVector object at 0x7ac5bc4942e0>,<tenseal.tensors.ckksvector.CKKSVector object at 0x7ac5bc495570>,154039.5207,-2.36E-12,-1.04E-09,TeSQ8
TCS69,Vivaan,UX Designer,83533,0,0,<tenseal.tensors.ckksvector.CKKSVector object at 0x7ac5bc497490>,<tenseal.tensors.ckksvector.CKKSVector object at 0x7ac5bc497130>,<tenseal.tensors.ckksvector.CKKSVector object at 0x7ac5bc4942e0>,<tenseal.tensors.ckksvector.CKKSVector object at 0x7ac5bc495570>,125299.5167,1.46E-10,3.38E-09,TeSQ9
TCS70,Sanya,Financial Analyst,98723,0,0,<tenseal.tensors.ckksvector.CKKSVector object at 0x7ac5bc494550>,<tenseal.tensors.ckksvector.CKKSVector object at 0x7ac5bc497130>,<tenseal.tensors.ckksvector.CKKSVector object at 0x7ac5bc4942e0>,<tenseal.tensors.ckksvector.CKKSVector object at 0x7ac5bc495570>,148084.5198,4.37E-09,-2.62E-09,TeSS0
TCS71,Aditi,HR Manager,61275,0,0,<tenseal.tensors.ckksvector.CKKSVector object at 0x7ac5bc495f00>,<tenseal.tensors.ckksvector.CKKSVector object at 0x7ac5bc497130>,<tenseal.tensors.ckksvector.CKKSVector object at 0x7ac5bc4942e0>,<tenseal.tensors.ckksvector.CKKSVector object at 0x7ac5bc495570>,91912.51239,-1.51E-09,-5.53E-10,TeSS1
TCS72,Kabir,UX Designer,115622,0,0,<tenseal.tensors.ckksvector.CKKSVector object at 0x7ac5bc494940>,<tenseal.tensors.ckksvector.CKKSVector object at 0x7ac5bc497130>,<tenseal.tensors.ckksvector.CKKSVector object at 0x7ac5bc4942e0>,<tenseal.tensors.ckksvector.CKKSVector object at 0x7ac5bc495570>,173433.0229,-8.47E-10,-3.59E-09,TeSS2
TCS73,Riya,Data Scientist,124855,0,0,<tenseal.tensors.ckksvector.CKKSVector object at 0x7ac5bc4953c0>,<tenseal.tensors.ckksvector.CKKSVector object at 0x7ac5bc497130>,<tenseal.tensors.ckksvector.CKKSVector object at 0x7ac5bc4942e0>,<tenseal.tensors.ckksvector.CKKSVector object at 0x7ac5bc495570>,187282.5248,3.27E-11,-2.93E-09,TeSS3
TCS74,Vivaan,Data Scientist,136334,0,0,<tenseal.tensors.ckksvector.CKKSVector object at 0x7ac5bc497c70>,<tenseal.tensors.ckksvector.CKKSVector object at 0x7ac5bc497130>,<tenseal.tensors.ckksvector.CKKSVector object at 0x7ac5bc4942e0>,<tenseal.tensors.ckksvector.CKKSVector object at 0x7ac5bc495570>,204501.0274,9.82E-11,2.07E-10,TeSS4
TCS75,Aryan,Financial Analyst,94108,0,0,<tenseal.tensors.ckksvector.CKKSVector object at 0x7ac5bc495270>,<tenseal.tensors.ckksvector.CKKSVector object at 0x7ac5bc497130>,<tenseal.tensors.ckksvector.CKKSVector object at 0x7ac5bc4942e0>,<tenseal.tensors.ckksvector.CKKSVector object at 0x7ac5bc495570>,141162.0189,5.15E-10,-2.99E-10,TeSS5
TCS76,James,UX Designer,89661,0,0,<tenseal.tensors.ckksvector.CKKSVector object at 0x7ac5bc496c80>,<tenseal.tensors.ckksvector.CKKSVector object at 0x7ac5bc497130>,<tenseal.tensors.ckksvector.CKKSVector object at 0x7ac5bc4942e0>,<tenseal.tensors.ckksvector.CKKSVector object at 0x7ac5bc495570>,134491.5179,-1.37E-09,-7.36E-10,TeSS6
TCS77,Ethan,Data Scientist,131380,0,0,<tenseal.tensors.ckksvector.CKKSVector object at 0x7ac5bc495b10>,<tenseal.tensors.ckksvector.CKKSVector object at 0x7ac5bc497130>,<tenseal.tensors.ckksvector.CKKSVector object at 0x7ac5bc4942e0>,<tenseal.tensors.ckksvector.CKKSVector object at 0x7ac5bc495570>,197070.0263,1.69E-09,-1.02E-09,TeSS7
TCS78,James,Cloud Architect,137094,15443,12567.9,<tenseal.tensors.ckksvector.CKKSVector object at 0x7ac5bc495cc0>,<tenseal.tensors.ckksvector.CKKSVector object at 0x7ac5bc497130>,<tenseal.tensors.ckksvector.CKKSVector object at 0x7ac5bc4942e0>,<tenseal.tensors.ckksvector.CKKSVector object at 0x7ac5bc495570>,205641.0275,23164.5031,18851.85254,TeSS8
TCS79,Riya,UX Designer,61746,3763,0,<tenseal.tensors.ckksvector.CKKSVector object at 0x7ac5bc497bb0>,<tenseal.tensors.ckksvector.CKKSVector object at 0x7ac5bc497130>,<tenseal.tensors.ckksvector.CKKSVector object at 0x7ac5bc4942e0>,<tenseal.tensors.ckksvector.CKKSVector object at 0x7ac5bc495570>,92619.01239,5644.500758,1.97E-09,TeSS9
TCS80,Ishaan,Software Engineer,67279,19869,18997.25,<tenseal.tensors.ckksvector.CKKSVector object at 0x7ac5bc494d60>,<tenseal.tensors.ckksvector.CKKSVector object at 0x7ac5bc497130>,<tenseal.tensors.ckksvector.CKKSVector object at 0x7ac5bc4942e0>,<tenseal.tensors.ckksvector.CKKSVector object at 0x7ac5bc495570>,100918.5135,29803.50404,28495.8788,TeST0
TCS81,Liam,AI Researcher,162956,71636,70600.64,<tenseal.tensors.ckksvector.CKKSVector object at 0x7ac5bc4978e0>,<tenseal.tensors.ckksvector.CKKSVector object at 0x7ac5bc497130>,<tenseal.tensors.ckksvector.CKKSVector object at 0x7ac5bc4942e0>,<tenseal.tensors.ckksvector.CKKSVector object at 0x7ac5bc495570>,244434.0327,107454.0144,105900.9743,TeST1
TCS82,Liam,Financial Analyst,115361,83084,82020.47,<tenseal.tensors.ckksvector.CKKSVector object at 0x7ac5bc495420>,<tenseal.tensors.ckksvector.CKKSVector object at 0x7ac5bc497130>,<tenseal.tensors.ckksvector.CKKSVector object at 0x7ac5bc4942e0>,<tenseal.tensors.ckksvector.CKKSVector object at 0x7ac5bc495570>,173041.5231,124626.0167,123030.7216,TeST2
TCS83,Liam,Product Manager,166999,204237,203217.1,<tenseal.tensors.ckksvector.CKKSVector object at 0x7ac5bc494370>,<tenseal.tensors.ckksvector.CKKSVector object at 0x7ac5bc497130>,<tenseal.tensors.ckksvector.CKKSVector object at 0x7ac5bc4942e0>,<tenseal.tensors.ckksvector.CKKSVector object at 0x7ac5bc495570>,250498.5329,306355.5405,304825.6912,TeST3
TCS84,Aditi,UX Designer,57004,26304,22244.62,<tenseal.tensors.ckksvector.CKKSVector object at 0x7ac5bc496230>,<tenseal.tensors.ckksvector.CKKSVector object at 0x7ac5bc497130>,<tenseal.tensors.ckksvector.CKKSVector object at 0x7ac5bc4942e0>,<tenseal.tensors.ckksvector.CKKSVector object at 0x7ac5bc495570>,85506.01155,39456.00531,33366.9345,TeST4
TCS85,Ishaan,Product Manager,108180,182,0,<tenseal.tensors.ckksvector.CKKSVector object at 0x7ac5bc496da0>,<tenseal.tensors.ckksvector.CKKSVector object at 0x7ac5bc497130>,<tenseal.tensors.ckksvector.CKKSVector object at 0x7ac5bc4942e0>,<tenseal.tensors.ckksvector.CKKSVector object at 0x7ac5bc495570>,162270.0215,273.0000367,-1.17E-09,TeST5
TCS86,Ishaan,Web Developer,80586,0,0,<tenseal.tensors.ckksvector.CKKSVector object at 0x7ac5bc494b20>,<tenseal.tensors.ckksvector.CKKSVector object at 0x7ac5bc497130>,<tenseal.tensors.ckksvector.CKKSVector object at 0x7ac5bc4942e0>,<tenseal.tensors.ckksvector.CKKSVector object at 0x7ac5bc495570>,120879.0163,1.94E-09,-3.04E-09,TeST6
TCS87,Anaya,Product Manager,139518,0,0,<tenseal.tensors.ckksvector.CKKSVector object at 0x7ac5bc494b80>,<tenseal.tensors.ckksvector.CKKSVector object at 0x7ac5bc497130>,<tenseal.tensors.ckksvector.CKKSVector object at 0x7ac5bc4942e0>,<tenseal.tensors.ckksvector.CKKSVector object at 0x7ac5bc495570>,209277.0282,2.51E-09,5.01E-09,TeST7
TCS88,Ava,UX Designer,81556,0,0,<tenseal.tensors.ckksvector.CKKSVector object at 0x7ac5bc497640>,<tenseal.tensors.ckksvector.CKKSVector object at 0x7ac5bc497130>,<tenseal.tensors.ckksvector.CKKSVector object at 0x7ac5bc4942e0>,<tenseal.tensors.ckksvector.CKKSVector object at 0x7ac5bc495570>,122334.0162,1.59E-09,5.97E-09,TeST8
TCS89,Ava,Marketing Specialist,66380,0,0,<tenseal.tensors.ckksvector.CKKSVector object at 0x7ac5bc494730>,<tenseal.tensors.ckksvector.CKKSVector object at 0x7ac5bc497130>,<tenseal.tensors.ckksvector.CKKSVector object at 0x7ac5bc4942e0>,<tenseal.tensors.ckksvector.CKKSVector object at 0x7ac5bc495570>,99570.01343,1.59E-09,2.17E-09,TeST9
TCS90,William,Cloud Architect,107010,0,0,<tenseal.tensors.ckksvector.CKKSVector object at 0x7ac5bc494490>,<tenseal.tensors.ckksvector.CKKSVector object at 0x7ac5bc497130>,<tenseal.tensors.ckksvector.CKKSVector object at 0x7ac5bc4942e0>,<tenseal.tensors.ckksvector.CKKSVector object at 0x7ac5bc495570>,160515.0215,7.64E-10,-8.15E-10,TeSV0
TCS91,Olivia,Software Engineer,118700,0,0,<tenseal.tensors.ckksvector.CKKSVector object at 0x7ac5bc497e50>,<tenseal.tensors.ckksvector.CKKSVector object at 0x7ac5bc497130>,<tenseal.tensors.ckksvector.CKKSVector object at 0x7ac5bc4942e0>,<tenseal.tensors.ckksvector.CKKSVector object at 0x7ac5bc495570>,178050.0235,-3.15E-10,-2.40E-09,TeSV1
TCS92,James,Data Scientist,72292,0,0,<tenseal.tensors.ckksvector.CKKSVector object at 0x7ac5bc496770>,<tenseal.tensors.ckksvector.CKKSVector object at 0x7ac5bc497130>,<tenseal.tensors.ckksvector.CKKSVector object at 0x7ac5bc4942e0>,<tenseal.tensors.ckksvector.CKKSVector object at 0x7ac5bc495570>,108438.0146,-3.90E-09,-9.61E-10,TeSV2
TCS93,Aarav,Data Scientist,159495,0,0,<tenseal.tensors.ckksvector.CKKSVector object at 0x7ac5bc4945b0>,<tenseal.tensors.ckksvector.CKKSVector object at 0x7ac5bc497130>,<tenseal.tensors.ckksvector.CKKSVector object at 0x7ac5bc4942e0>,<tenseal.tensors.ckksvector.CKKSVector object at 0x7ac5bc495570>,239242.5323,2.82E-09,1.90E-09,TeSV3
TCS94,James,AI Researcher,117788,0,0,<tenseal.tensors.ckksvector.CKKSVector object at 0x7ac5bc4972b0>,<tenseal.tensors.ckksvector.CKKSVector object at 0x7ac5bc497130>,<tenseal.tensors.ckksvector.CKKSVector object at 0x7ac5bc4942e0>,<tenseal.tensors.ckksvector.CKKSVector object at 0x7ac5bc495570>,176682.0237,1.16E-09,6.98E-10,TeSV4
TCS95,James,Financial Analyst,96295,20925,14759.42,<tenseal.tensors.ckksvector.CKKSVector object at 0x7ac5bc496a40>,<tenseal.tensors.ckksvector.CKKSVector object at 0x7ac5bc497130>,<tenseal.tensors.ckksvector.CKKSVector object at 0x7ac5bc4942e0>,<tenseal.tensors.ckksvector.CKKSVector object at 0x7ac5bc495570>,144442.5195,31387.50422,22139.13297,TeSV5
TCS96,Ethan,Marketing Specialist,86226,41903.46,38197.63,<tenseal.tensors.ckksvector.CKKSVector object at 0x7ac5bc4978b0>,<tenseal.tensors.ckksvector.CKKSVector object at 0x7ac5bc497130>,<tenseal.tensors.ckksvector.CKKSVector object at 0x7ac5bc4942e0>,<tenseal.tensors.ckksvector.CKKSVector object at 0x7ac5bc495570>,129339.017,62855.19854,57296.45281,TeSV6
TCS97,Liam,Marketing Specialist,52217,38197.63,0,<tenseal.tensors.ckksvector.CKKSVector object at 0x7ac5bc4955a0>,<tenseal.tensors.ckksvector.CKKSVector object at 0x7ac5bc497130>,<tenseal.tensors.ckksvector.CKKSVector object at 0x7ac5bc4942e0>,<tenseal.tensors.ckksvector.CKKSVector object at 0x7ac5bc495570>,78325.51054,57296.45269,-1.16E-09,TeSV7
TCS98,Isabella,Software Engineer,67877,144478,0,<tenseal.tensors.ckksvector.CKKSVector object at 0x7ac5bc4941c0>,<tenseal.tensors.ckksvector.CKKSVector object at 0x7ac5bc497130>,<tenseal.tensors.ckksvector.CKKSVector object at 0x7ac5bc4942e0>,<tenseal.tensors.ckksvector.CKKSVector object at 0x7ac5bc495570>,101815.5137,216717.0291,-3.21E-09,TeSV8
TCS99,Liam,Marketing Specialist,109995,41398,38025.71,<tenseal.tensors.ckksvector.CKKSVector object at 0x7ac5bc495930>,<tenseal.tensors.ckksvector.CKKSVector object at 0x7ac5bc497130>,<tenseal.tensors.ckksvector.CKKSVector object at 0x7ac5bc4942e0>,<tenseal.tensors.ckksvector.CKKSVector object at 0x7ac5bc495570>,164992.5222,62097.00833,57038.57265,TeSV9
TCS100,Diya,Software Engineer,140122,14078,13416.57,<tenseal.tensors.ckksvector.CKKSVector object at 0x7ac5bc497070>,<tenseal.tensors.ckksvector.CKKSVector object at 0x7ac5bc497130>,<tenseal.tensors.ckksvector.CKKSVector object at 0x7ac5bc4942e0>,<tenseal.tensors.ckksvector.CKKSVector object at 0x7ac5bc495570>,210183.0281,21117.00283,20124.8577,TeSJ0H
